Hobo,Intercept,Slope
1.3,0.15348,3.8e-4
1.4,0.08079,0.00312
2,0.26352,0.00318
3,-0.11278,0.00198
4,0.02904,5.3e-4
